<?xml version="1.0" encoding="UTF-8"?>
<project-private xmlns="http://www.netbeans.org/ns/project-private/1">
    <editor-bookmarks xmlns="http://www.netbeans.org/ns/editor-bookmarks/2" lastBookmarkId="0"/>
    <open-files xmlns="http://www.netbeans.org/ns/projectui-open-files/2">
        <group>
            <file>file:/C:/Users/USER/Documents/NetBeansProjects/Flight.booking.system/src/flight/booking/system/Flight.java</file>
            <file>file:/C:/Users/USER/Documents/NetBeansProjects/Flight.booking.system/src/flight/booking/system/Receipt.java</file>
            <file>file:/C:/Users/USER/Documents/NetBeansProjects/Flight.booking.system/src/flight/booking/system/FlightBookingSystem.java</file>
            <file>file:/C:/Users/USER/Documents/NetBeansProjects/Flight.booking.system/src/flight/booking/system/Customer.java</file>
        </group>
    </open-files>
</project-private>
